<?xml version="1.0" encoding="UTF-8"?>
    <addon id="repository.daburaddons" name="DaburAddons" version="0.0.1" provider-name="TheDabur">
        <requires>
            <import addon="xbmc.addon" version="12.0.0"/>
        </requires>
        <extension point="xbmc.addon.repository" name="DaburAddons">
            <info compressed="false">https://raw.githubusercontent.com/TheDabur/DaburAddons/_repo/addons.xml</info>
            <checksum>https://raw.githubusercontent.com/TheDabur/DaburAddons/_repo/addons.xml.md5</checksum>
            <datadir zip="true">https://raw.githubusercontent.com/TheDabur/DaburAddons/_repo/</datadir>
            <hashes>false</hashes>
        </extension>
        <extension point="xbmc.addon.metadata">
            <summary>TheDabur Addons Repository</summary>
            <description>TheDabur Addons Repository.</description>
            <platform>all</platform>
    </extension>
</addon>